"code","trail","lon","lat"
"BIG 24","Bigal Trail",-77.4053113006442,-0.499390614770085
"BIG 23","Bigal Trail",-77.406257100899,-0.500840610358465
"BIG 22","Bigal Trail",-77.4065449531505,-0.502456319728375
"BIG 21","Bigal Trail",-77.4077786056568,-0.503740601535226
"BIG 20","Bigal Trail",-77.4084776754104,-0.50506631178746
"BIG 19","Bigal Trail",-77.4101225454188,-0.505812023804341
"BIG 18","Bigal Trail",-77.4113561979251,-0.506972020275045
"BIG 17","Bigal Trail",-77.4124664851807,-0.508297730527279
"BIG 16","Bigal Trail",-77.4133711636853,-0.509664869224894
"BIG 15","Bigal Trail",-77.413494528936,-0.511446292376333
"DAN 50","Payamino Trail",-77.357075487648,-0.512233432838597
"DAN 49","Payamino Trail",-77.3556773481409,-0.512979144855478
"BIG 14","Bigal Trail",-77.4136178941866,-0.513144858637007
"DAN 48","Payamino Trail",-77.3564175396447,-0.514180569771564
"BIG 13","Bigal Trail",-77.4140702334389,-0.514801996452299
"DAN 47","Payamino Trail",-77.3566642701459,-0.515754850696092
"DAN 44","Payamino Trail",-77.3613932714201,-0.516334848931444
"PIA 23","Piha Trail",-77.396058906847,-0.517453416956766
"DAN 23","Payamino Trail",-77.397045828852,-0.517950558301353
"BIG 11","Bigal Trail",-77.4145225726912,-0.5180748436375
"DAN 24","Payamino Trail",-77.3945374020892,-0.516790561830649
"DAN 25","Payamino Trail",-77.3936738453348,-0.517204846284472
"DAN 38","Payamino Trail",-77.3718381959734,-0.517909129855971
"PIA 22","Piha Trail",-77.3952364718428,-0.518903412545146
"DAN 22","Payamino Trail",-77.3972925593533,-0.519069126326675
"DAN 40","Payamino Trail",-77.3684662124562,-0.516956275612178
"DAN 26","Payamino Trail",-77.392933653831,-0.518779127208999
"DAN 27","Payamino Trail",-77.3912887838226,-0.519193411662822
"DAN 28","Payamino Trail",-77.3894794268134,-0.51915198321744
"DAN 29","Payamino Trail",-77.3876700698042,-0.519193411662822
"BIG 7","Bigal Trail",-77.4194160609662,-0.520850549478114
"DAN 33","Payamino Trail",-77.3805148852677,-0.518944840990528
"DAN 34","Payamino Trail",-77.3787055282584,-0.518944840990528
"DAN 35","Payamino Trail",-77.3768961712492,-0.518944840990528
"DAN 36","Payamino Trail",-77.3750868142399,-0.518944840990528
"DAN 39","Payamino Trail",-77.3701522042148,-0.517577702292913
"DAN 42","Payamino Trail",-77.3648886201879,-0.51699770405756
"DAN 45","Payamino Trail",-77.3597484014117,-0.516914847166796
"DAN 37","Payamino Trail",-77.3732774572307,-0.518986269435911
"BIG 10","Bigal Trail",-77.4147281814423,-0.519856266788939
"DAN 21","Payamino Trail",-77.39860845536,-0.520270551242762
"DAN 32","Payamino Trail",-77.3822831205267,-0.518944840990528
"DAN 31","Payamino Trail",-77.3840924775359,-0.518986269435911
"DAN 30","Payamino Trail",-77.3858607127949,-0.51915198321744
"DAN 41","Payamino Trail",-77.3666979771971,-0.517121989393707
"DAN 43","Payamino Trail",-77.3631203849289,-0.516790561830649
"BIG 12","Bigal Trail",-77.4146870596921,-0.516293420486061
"DAN 46","Payamino Trail",-77.3585147489054,-0.516127706704532
"PIA 21","Piha Trail",-77.395277593593,-0.520436265024291
"BIG 9","Bigal Trail",-77.416044077449,-0.520850549478114
"BIG 8","Bigal Trail",-77.4176478257072,-0.521016263259643
"DAN 20","Payamino Trail",-77.3998009861161,-0.521596261494995
"BIG 6","Bigal Trail",-77.4206908352227,-0.521927689058054
"PIA 20","Piha Trail",-77.3950308630917,-0.5220519743942
"PIA 19","Piha Trail",-77.3966346113499,-0.522839114856464
"DAN 19","Payamino Trail",-77.4009935168722,-0.522963400192611
"BIG 5","Bigal Trail",-77.4216777572277,-0.523377684646434
"PIA 18","Piha Trail",-77.3958532980959,-0.52404053977255
"DAN 18","Payamino Trail",-77.402144925878,-0.524371967335609
"PIA 17","Piha Trail",-77.3956065675947,-0.524869108680196
"BIG 4","Bigal Trail",-77.4220067312294,-0.524951965570961
"DAN 17","Payamino Trail",-77.4034197001346,-0.525614820697078
"PIA 16","Piha Trail",-77.3951542283424,-0.525821962923989
"PIA 15","Piha Trail",-77.3951131065922,-0.526650531831635
"DAN 16","Payamino Trail",-77.4049412048923,-0.526691960277017
"BIG 3","Bigal Trail",-77.421718878978,-0.5267333887224
"DAN 15","Payamino Trail",-77.4065860749007,-0.527189101621605
"PIA 14","Piha Trail",-77.3949897413415,-0.527934813638486
"DAN 14","Payamino Trail",-77.4076552404062,-0.528639097209985
"DAN 13","Payamino Trail",-77.4090945016635,-0.529716236789925
"BIG 1","Bigal Trail",-77.4221712182303,-0.530047664352983
"DAN 7","Payamino Trail",-77.418388017211,-0.530503377252189
"BEN 5","Palms Trail",-77.4231170184851,-0.531539088386746
"SAL 13","PNS Trail",-77.4301899595212,-0.531580516832128
"SAL 12","PNS Trail",-77.43191707303,-0.532119086622098
"SAL 14","PNS Trail",-77.4287095765136,-0.532409085739774
"BEN 7","Palms Trail",-77.4250086189947,-0.532450514185156
"SAL 10","PNS Trail",-77.4299021072697,-0.535143363135006
"HOT 1","Hot Lip Loop",-77.4243095492412,-0.535557647588828
"PIA 3","Piha Trail",-77.4039542828873,-0.530876233260629
"PIA 10","Piha Trail",-77.3967579766006,-0.531124803932923
"PIA 4","Piha Trail",-77.4024327781295,-0.531621945277511
"PIA 9","Piha Trail",-77.3949486195913,-0.531704802168275
"PIA 5","Piha Trail",-77.4006645428705,-0.531829087504422
"PIA 7","Piha Trail",-77.397621533355,-0.532450514185156
"PAL 27","Palestina Trail",-77.3806793722685,-0.532947655529744
"DAN 5","Payamino Trail",-77.4192515739654,-0.533320511538184
"BEN 3","Palms Trail",-77.421718878978,-0.533734795992008
"PIA 8","Piha Trail",-77.3966757331001,-0.532119086622098
"PAL 26","Palestina Trail",-77.3824064857773,-0.533569082210478
"DAN 4","Payamino Trail",-77.4202796177206,-0.534770507126565
"PAL 25","Palestina Trail",-77.3829821902802,-0.534811935571947
"PAL 24","Palestina Trail",-77.3842158427865,-0.535889075151887
"DAN 2","Payamino Trail",-77.4245151579922,-0.536759072504915
"SAL 7","PNS Trail",-77.4313413685271,-0.537504784521796
"SAL 1","PNS Trail",-77.4255843234977,-0.538333353429442
"SAL 6","PNS Trail",-77.4307656640241,-0.538789066328647
"SAL 5","PNS Trail",-77.4291619157659,-0.539327636118617
"VAL 3","BRRS Trail",-77.4289151852647,-0.540487632589322
"VAL 2","BRRS Trail",-77.4271880717559,-0.54081906015238
"PAL 23","Palestina Trail",-77.3854083735426,-0.536883357841062
"BAM 5","Bamboo Trail",-77.4201151307198,-0.537380499185649
"PAL 22","Palestina Trail",-77.3864775390481,-0.538001925866384
"DAN 1","Payamino Trail",-77.4238983317391,-0.538084782757148
"PAL 21","Palestina Trail",-77.3881635308067,-0.538499067210972
"BAM 4","Bamboo Trail",-77.4201973742202,-0.53883049477403
"BAM 1","Bamboo Trail",-77.423692722988,-0.538954780110177
"SAL 4","PNS Trail",-77.427599289258,-0.539203350782471
"SAL 2","PNS Trail",-77.4252964712462,-0.539907634353969
"VAL 5","BRRS Trail",-77.4317114642789,-0.540653346370851
"VAL 4","BRRS Trail",-77.4305600552731,-0.540529061034704
"PIA 25","Piha Trail",-77.4055991528957,-0.530959090151394
"DAN 3","Payamino Trail",-77.4219656094792,-0.535640504479593
"BAM 6","Bamboo Trail",-77.4208553222235,-0.535806218261122
"BEN 1","Palms Trail",-77.4230347749847,-0.536179074269563
"SAL 9","PNS Trail",-77.4304366900224,-0.536220502714945
"DAN 11","Payamino Trail",-77.4123431199301,-0.530959090151394
"PIA 6","Piha Trail",-77.399389768614,-0.532616227966686
"BEN 2","Palms Trail",-77.4225001922319,-0.534770507126565
"HOT 4","Hot Lip Loop",-77.4256665669981,-0.535681932924975
"SAL 8","PNS Trail",-77.4318759512798,-0.535930503597269
"HOT 2","Hot Lip Loop",-77.4241450622403,-0.534190508891213
"HOT 3","Hot Lip Loop",-77.4258310539989,-0.534521936454271
"DAN 8","Payamino Trail",-77.4167842689528,-0.530917661706011
"DAN 9","Payamino Trail",-77.4155506164465,-0.530876233260629
"PIA 11","Piha Trail",-77.3951131065922,-0.530296235025277
"BEN 6","Palms Trail",-77.4234048707366,-0.53269908485745
"BEN 4","Palms Trail",-77.4223357052311,-0.532574799521303
"BEN 9","Palms Trail",-77.427023584755,-0.533030512420509
"BEN 8","Palms Trail",-77.425460958247,-0.533817652882772
"DAN 10","Payamino Trail",-77.4138646246879,-0.530751947924482
"PIA 24","Piha Trail",-77.407038414153,-0.530047664352983
"DAN 6","Payamino Trail",-77.4194160609662,-0.531621945277511
"SAL 15","PNS Trail",-77.4284628460124,-0.533361939983567
"SAL 11","PNS Trail",-77.4300665942706,-0.533610510655861
"DAN 12","Payamino Trail",-77.4107393716719,-0.530420520361424
"PIA 13","Piha Trail",-77.3954009588436,-0.528970524773044
"PIA 12","Piha Trail",-77.3951542283424,-0.529426237672249
"BIG 2","Bigal Trail",-77.4215132702269,-0.528431954983074
"BAM 3","Bamboo Trail",-77.4218422442286,-0.539576206790911
"BAM 2","Bamboo Trail",-77.422911409734,-0.540031919690116
"PAL 1","Palestina Trail",-77.4220889747298,-0.540736203261615
"VAL 1","BRRS Trail",-77.425460958247,-0.540984773933909
"PAL 7","Palestina Trail",-77.4117674154272,-0.539576206790911
"PAL 6","Palestina Trail",-77.4135767724364,-0.539659063681676
"PAL 3","Palestina Trail",-77.4185525042118,-0.540363347253175
"PAL 2","Palestina Trail",-77.4203207394708,-0.540487632589322
"PAL 8","Palestina Trail",-77.4100403019183,-0.539286207673235
"PAL 10","Palestina Trail",-77.4066271966509,-0.539161922337088
"PAL 11","Palestina Trail",-77.4049000831421,-0.538913351664794
"PAL 19","Palestina Trail",-77.3914943925737,-0.538996208555559
"PAL 12","Palestina Trail",-77.4033785783843,-0.539327636118617
"PAL 13","Palestina Trail",-77.4018159518764,-0.539700492127058
"PAL 5","Palestina Trail",-77.4153038859452,-0.540156205026263
"PAL 4","Palestina Trail",-77.4169898777038,-0.540404775698557
"PAL 9","Palestina Trail",-77.4083131884095,-0.539161922337088
"PAL 14","Palestina Trail",-77.4000477166174,-0.539824777463205
"PAL 15","Palestina Trail",-77.3984439683592,-0.539907634353969
"PAL 16","Palestina Trail",-77.3966757331001,-0.539659063681676
"PAL 17","Palestina Trail",-77.3949897413415,-0.539659063681676
"PAL 20","Palestina Trail",-77.3898084008151,-0.538913351664794
"PAL 18","Palestina Trail",-77.3932215060825,-0.539410493009382
"SAL 3","PNS Trail",-77.426817976004,-0.541606200614644
"VAL 6","BRRS Trail",-77.4322460470317,-0.541937628177702
"VAL 7","BRRS Trail",-77.4324927775329,-0.543677622883758
"VAL 8","BRRS Trail",-77.4325750210334,-0.54533476069905
"JAC 8","Jacob's Trail",-77.4253375929964,-0.54587333048902
"JAC 7","Jacob's Trail",-77.4266534890031,-0.546494757169754
"JAC 1","Jacob's Trail",-77.4321638035313,-0.547613325195076
"JAC 6","Jacob's Trail",-77.4267357325036,-0.547737610531223
"JAC 3","Jacob's Trail",-77.4306422987735,-0.548649036329634
"GUA 7","Guadua Trail",-77.4310123945254,-0.549726175909573
"GUA 1","Guadua Trail",-77.430930151025,-0.550720458598748
"GUA 5","Guadua Trail",-77.4282983590115,-0.549353319901133
"GUA 4","Guadua Trail",-77.4269002195044,-0.549229034564986
"GUA 6","Guadua Trail",-77.429573133268,-0.549394748346515
"GUA 2","Guadua Trail",-77.4292441592664,-0.550596173262601
"GUA 3","Guadua Trail",-77.427599289258,-0.550306174144925
"JAC 2","Jacob's Trail",-77.4317937077794,-0.54877332166578
"JAC 4","Jacob's Trail",-77.4292030375161,-0.548234751875811
"JAC 5","Jacob's Trail",-77.4281749937609,-0.548276180321193
"SUN 1","Suno Trail",-77.4218011224784,-0.550637601707984
"SUN 2","Suno Trail",-77.4233637489863,-0.551176171497954
"SUN 3","Suno Trail",-77.422911409734,-0.55291616620401
"SUN 4","Suno Trail",-77.4225413139822,-0.554614732464684
"SUN 5","Suno Trail",-77.4222945834809,-0.556396155616123
"SUN 6","Suno Trail",-77.4218011224784,-0.558053293431414
"SUN 7","Suno Trail",-77.4218011224784,-0.559876145028235
"SUN 8","Suno Trail",-77.422911409734,-0.560953284608175
"SUN 9","Suno Trail",-77.4218422442286,-0.561988995742732
"SUN 10","Suno Trail",-77.4205674699721,-0.562983278431908
"CYR 19","Cyrilo's Trail",-77.4112328326744,-0.564143274902612
"SUN 11","Suno Trail",-77.4198684002185,-0.564598987801817
"SUN 12","Suno Trail",-77.4192926957156,-0.566214697171727
"CYR 17","Cyrilo's Trail",-77.4111094674238,-0.566380410953256
"SUN 13","Suno Trail",-77.4186347477122,-0.567830406541636
"CYR 16","Cyrilo's Trail",-77.4110272239234,-0.567167551415519
"CYR 15","Cyrilo's Trail",-77.4109861021732,-0.567913263432401
"CYR 1","Cyrilo's Trail",-77.4171543647047,-0.568700403894664
"SUN 14","Suno Trail",-77.4189637217139,-0.569363259020781
"CYR 18","Cyrilo's Trail",-77.4112328326744,-0.565220414482551
"CYR 14","Cyrilo's Trail",-77.4107804934221,-0.568576118558517
"CYR 3","Cyrilo's Trail",-77.4156328599469,-0.568824689230811
"CYR 2","Cyrilo's Trail",-77.417030999454,-0.569653258138457
"SUN 15","Suno Trail",-77.4167431472026,-0.570647540827632
"CYR 13","Cyrilo's Trail",-77.4104103976702,-0.569114688348487
"CYR 4","Cyrilo's Trail",-77.4148515466929,-0.569446115911546
"CYR 6","Cyrilo's Trail",-77.4135356506862,-0.569984685701515
"CYR 5","Cyrilo's Trail",-77.4148926684431,-0.570523255491485
"CYR 12","Cyrilo's Trail",-77.4107804934221,-0.570357541709956
"CYR 7","Cyrilo's Trail",-77.4132889201849,-0.57060611238225
"CYR 8","Cyrilo's Trail",-77.4130833114339,-0.571144682172219
"SUN 27","Suno Trail",-77.4148926684431,-0.571310395953749
"SUN 16","Suno Trail",-77.4156739816971,-0.57205610797063
"CYR 9","Cyrilo's Trail",-77.4130010679335,-0.572097536416012
"CYR 10","Cyrilo's Trail",-77.4116440501765,-0.571434681289896
"CYR 11","Cyrilo's Trail",-77.4109861021732,-0.571848965743719
"SUN 26","Suno Trail",-77.4139057464381,-0.572967533769041
"SUN 17","Suno Trail",-77.4157973469477,-0.573257532886717
"SUN 25","Suno Trail",-77.4137412594372,-0.57458324313895
"SUN 18","Suno Trail",-77.4155917381967,-0.574997527592773
"SUN 24","Suno Trail",-77.4127543374322,-0.57603323872733
"SUN 19","Suno Trail",-77.4146459379419,-0.576488951626536
"SUN 23","Suno Trail",-77.4121786329293,-0.577566091206475
"SUN 20","Suno Trail",-77.4140702334389,-0.578021804105681
"SUN 22","Suno Trail",-77.4125487286811,-0.579306085912532
"SUN 21","Suno Trail",-77.4141935986896,-0.579761798811737
