family,order,class
Strabomantidae,Anura,Anfibio
Craugastoridae,Anura,Anfibio
Hylidae,Anura,Anfibio
Bufonidae,Anura,Anfibio
Leiuperidae,Anura,Anfibio
Leptodactylidae,Anura,Anfibio
Centrolenidae,Anura,Anfibio
Dendrobatidae,Anura,Anfibio
Aromobatidae,Anura,Anfibio
Microhylidae,Anura,Anfibio
Hemiphractidae,Anura,Anfibio
Plethodontidae,Caudata,Anfibio
Caeciliidae,Gymnophiona,Anfibio
Colubridae,Squamata,Reptil
Dipsadidae,Squamata,Reptil
Viperidae,Squamata,Reptil
Elapidae,Squamata,Reptil
Boidae,Squamata,Reptil
Iguanidae,Squamata,Reptil
Dactyloidae,Squamata,Reptil
Polychrotidae,Squamata,Reptil
Hoplocercidae,Squamata,Reptil
Tropiduridae,Squamata,Reptil
Gymnophthalmidae,Squamata,Reptil
Teiidae,Squamata,Reptil
Sphaerodactylidae,Squamata,Reptil
Phyllodactylidae,Squamata,Reptil
Amphisbaenidae,Squamata,Reptil
Alopoglossidae,Squamata,Reptil
Sauria,Squamata,Reptil
Serpentes,Squamata,Reptil
