"binomial","file","common_en","license","attribution","inat_url","iucn"
"Allobates sp.","Allobates_sp_.jpg","Nurse Frogs","cc-by-nc","(c) Juan Manuel de Roux, some rights reserved (CC BY-NC), uploaded by Juan Manuel de Roux","https://www.inaturalist.org/taxa/21209",NA
"Allobates zaparo","Allobates_zaparo.jpg","Sanguine Poison Frog","cc-by-nc","(c) Santiago Ron, some rights reserved (CC BY-NC)","https://www.inaturalist.org/taxa/21210","LC"
"Alopoglossus buckleyi","Alopoglossus_buckleyi.jpg","Buckley's Shade Lizard","cc-by-nc","(c) Green Jewel, some rights reserved (CC BY-NC), uploaded by Green Jewel","https://www.inaturalist.org/taxa/34988","LC"
"Alouatta seniculus","Alouatta_seniculus.jpg","Colombian Red Howler Monkey","cc-by-nc","(c) David Torres, some rights reserved (CC BY-NC), uploaded by David Torres","https://www.inaturalist.org/taxa/566513","LC"
"Anolis fuscifacies",NA,NA,NA,NA,NA,NA
"Anolis fuscoauratus","Anolis_fuscoauratus.jpg","Brown-eared Anole","cc-by-nc","(c) Jiri Hodecek, some rights reserved (CC BY-NC), uploaded by Jiri Hodecek","https://www.inaturalist.org/taxa/116412","LC"
"Anolis nitens","Anolis_nitens.jpg","Yellow-tongued Anole","cc-by-nc","(c) Kevin Chen, some rights reserved (CC BY-NC), uploaded by Kevin Chen","https://www.inaturalist.org/taxa/145908","LC"
"Anolis ortonii","Anolis_ortonii.jpg","Amazon Bark Anole","cc-by-nc","(c) Franck Mendes, some rights reserved (CC BY-NC), uploaded by Franck Mendes","https://www.inaturalist.org/taxa/116446","LC"
"Anolis punctatus","Anolis_punctatus.jpg","Amazon Green Anole","cc-by-nc","(c) docprt, some rights reserved (CC BY-NC), uploaded by docprt","https://www.inaturalist.org/taxa/36643","LC"
"Anolis sp.","Anolis_sp_.jpg","Anoles","cc-by-nc","(c) Elaine White, some rights reserved (CC BY-NC), uploaded by Elaine White","https://www.inaturalist.org/taxa/36362",NA
"Aotus vociferans","Aotus_vociferans.jpg","Spix's Night Monkey","cc-by-nc","(c) Jefferson Shank, some rights reserved (CC BY-NC), uploaded by Jefferson Shank","https://www.inaturalist.org/taxa/43422","LC"
"Ateles belzebuth","Ateles_belzebuth.jpg","Black-faced Black Spider Monkey","cc-by-nc","(c) cemango, some rights reserved (CC BY-NC)","https://www.inaturalist.org/taxa/43410","EN"
"Atelocynus microtis","Atelocynus_microtis.jpg","Short-eared Dog","cc-by-nc","(c) Galo Zapata Ríos, some rights reserved (CC BY-NC), uploaded by Galo Zapata Ríos","https://www.inaturalist.org/taxa/42097","NT"
"Atractus elaps","Atractus_elaps.jpg","Black Ground Snake","cc-by-nc","(c) Diego Naranjo-Cruz, some rights reserved (CC BY-NC), uploaded by Diego Naranjo-Cruz","https://www.inaturalist.org/taxa/94856","LC"
"Atractus major","Atractus_major.jpg","Big Ground Snake","cc-by-nc","(c) Ryan Sawby, some rights reserved (CC BY-NC), uploaded by Ryan Sawby","https://www.inaturalist.org/taxa/27850","LC"
"Atractus occipitoalbus","Atractus_occipitoalbus.jpg","Gray Ground Snake","cc-by-nc","(c) Joey Santore, some rights reserved (CC BY-NC), uploaded by Joey Santore","https://www.inaturalist.org/taxa/27811","NT"
"Bolitoglossa sp,",NA,"Culata Mushroomtongue Salamander",NA,NA,"https://www.inaturalist.org/taxa/326239",NA
"Bolitoglossa sp.","Bolitoglossa_sp_.jpg","Mushroom-tongued Salamanders","cc-by-nc","(c) Luz de los Milagros, some rights reserved (CC BY-NC), uploaded by Luz de los Milagros","https://www.inaturalist.org/taxa/26911",NA
"Bothrops atrox","Bothrops_atrox.jpg","Terciopelo","cc-by-nc","(c) Pedro E. Nahuat-Cervera, some rights reserved (CC BY-NC), uploaded by Pedro E. Nahuat-Cervera","https://www.inaturalist.org/taxa/30798","LC"
"Bothrops taeniatus","Bothrops_taeniatus.jpg","Speckled Forest Pit Viper","cc-by-nc","(c) osoandino, some rights reserved (CC BY-NC), uploaded by osoandino","https://www.inaturalist.org/taxa/539424","LC"
"Cabassous unicinctus","Cabassous_unicinctus.jpg","Southern Naked-tailed Armadillo","cc-by-nc","(c) wladia drummond, some rights reserved (CC BY-NC), uploaded by wladia drummond","https://www.inaturalist.org/taxa/47093","LC"
"Cebus yuracus","Cebus_yuracus.jpg","Marañón white-fronted capuchin","cc-by-nc","(c) Don Marsille, some rights reserved (CC BY-NC), uploaded by Don Marsille","https://www.inaturalist.org/taxa/1369291","NT"
"Cercosaura argulus","Cercosaura_argulus.jpg","Elegant Eyed Lizard","cc-by","(c) Daniel Mesa, some rights reserved (CC BY), uploaded by Daniel Mesa","https://www.inaturalist.org/taxa/97045","LC"
"Chiasmocleis bassleri","Chiasmocleis_bassleri.jpg","Bassler's Humming Frog","cc-by-nc","(c) Pedro Ivo, some rights reserved (CC BY-NC), uploaded by Pedro Ivo","https://www.inaturalist.org/taxa/25057","LC"
"Chimerella mariaelena","Chimerella_mariaelena.jpg","Maria Elena's Glass Frog","cc-by-nc","(c) jorgebrito, some rights reserved (CC BY-NC), uploaded by jorgebrito","https://www.inaturalist.org/taxa/135071","LC"
"Chironectes minimus","Chironectes_minimus.jpg","Water Opossum","cc-by-nc","(c) brandyconrad, some rights reserved (CC BY-NC)","https://www.inaturalist.org/taxa/42700","LC"
"Chironius fuscifacies",NA,NA,NA,NA,NA,NA
"Chironius fuscus","Chironius_fuscus.jpg","Brown Sipo","cc-by-nc","(c) Marco Aurelio de Sena, some rights reserved (CC BY-NC), uploaded by Marco Aurelio de Sena","https://www.inaturalist.org/taxa/27236","LC"
"Clelia clelia","Clelia_clelia.jpg","Forest Flame Snake","cc-by-nc","(c) Leonardo M. Martínez-Campos, some rights reserved (CC BY-NC), uploaded by Leonardo M. Martínez-Campos","https://www.inaturalist.org/taxa/146320","LC"
"Cuniculus paca","Cuniculus_paca.jpg","Spotted Paca","cc-by-nc","(c) Silvano LG, some rights reserved (CC BY-NC), uploaded by Silvano LG","https://www.inaturalist.org/taxa/74257","LC"
"Dasyprocta fuliginosa","Dasyprocta_fuliginosa.jpg","Black Agouti","cc-by-nc","(c) Holly Greening, some rights reserved (CC BY-NC), uploaded by Holly Greening","https://www.inaturalist.org/taxa/43715","LC"
"Dasypus novemcinctus","Dasypus_novemcinctus.jpg","Southern Long-nosed Armadillo","cc-by-nc","(c) javierluque89, some rights reserved (CC BY-NC)","https://www.inaturalist.org/taxa/47075","LC"
"Dendrophidion dendrophis","Dendrophidion_dendrophis.jpg","Olive Forest Racer","cc-by-nc","(c) Pedro Ivo, some rights reserved (CC BY-NC), uploaded by Pedro Ivo","https://www.inaturalist.org/taxa/26624","LC"
"Dendropsophus bifurcus","Dendropsophus_bifurcus.jpg","Upper Amazon Tree Frog","cc0","no rights reserved, uploaded by Ferhat Gundogdu","https://www.inaturalist.org/taxa/143170","LC"
"Dendropsophus sarayacuensis","Dendropsophus_sarayacuensis.jpg","Mottled Clown Treefrog","cc-by-nc","(c) Pedro Ivo, some rights reserved (CC BY-NC), uploaded by Pedro Ivo","https://www.inaturalist.org/taxa/65399","LC"
"Dendropsophus sp.","Dendropsophus_sp_.jpg","Yellow Tree Frogs","cc-by-nc","(c) Cullen Hanks, some rights reserved (CC BY-NC), uploaded by Cullen Hanks","https://www.inaturalist.org/taxa/64765",NA
"Didelphis marsupialis","Didelphis_marsupialis.jpg","Virginia Opossum","cc-by-nc","(c) Michelle Herman, some rights reserved (CC BY-NC), uploaded by Michelle Herman","https://www.inaturalist.org/taxa/42652","LC"
"Didelphis sp.","Didelphis_sp_.jpg","Large American Opossums","cc-by-nc","(c) Aaron S. Young, some rights reserved (CC BY-NC), uploaded by Aaron S. Young","https://www.inaturalist.org/taxa/42646",NA
"Dipsas catesbyi","Dipsas_catesbyi.jpg","Catesby's Snail-eater","cc-by-nc","(c) Anthony Giardenelli, some rights reserved (CC BY-NC), uploaded by Anthony Giardenelli","https://www.inaturalist.org/taxa/30392","LC"
"Dipsas indica","Dipsas_indica.jpg","Neotropical Snail-eater","cc-by-nc","(c) MaoMorning Yip, some rights reserved (CC BY-NC), uploaded by MaoMorning Yip","https://www.inaturalist.org/taxa/30365","LC"
"Dipsas sp.","Dipsas_sp_.jpg",NA,"cc-by-nc","(c) djwitherall, some rights reserved (CC BY-NC)","https://www.inaturalist.org/taxa/354723",NA
"Dipsas vermiculata","Dipsas_vermiculata.jpg","Vermiculate Snail-eater","cc-by-nc","(c) Jakob Dulisse, some rights reserved (CC BY-NC), uploaded by Jakob Dulisse","https://www.inaturalist.org/taxa/30375","LC"
"Drepanoides anomalus","Drepanoides_anomalus.jpg","Black-collared Snake","cc-by-nc","(c) Igor Yuri, some rights reserved (CC BY-NC), uploaded by Igor Yuri","https://www.inaturalist.org/taxa/30352","LC"
"Drymoluber dichrous","Drymoluber_dichrous.jpg","Northern Woodland Racer","cc-by-nc","(c) Esteban Diego Koch, some rights reserved (CC BY-NC), uploaded by Esteban Diego Koch","https://www.inaturalist.org/taxa/26821","LC"
"Eira barbara","Eira_barbara.jpg","Tayra","cc-by-nc","(c) Luciano Bernardes, some rights reserved (CC BY-NC), uploaded by Luciano Bernardes","https://www.inaturalist.org/taxa/41774","LC"
"Engystomops petersi",NA,"Painted Forest Toadlet",NA,NA,"https://www.inaturalist.org/taxa/135077","LC"
"Enyalioides laticeps","Enyalioides_laticeps.jpg","Broad-headed Woodlizard","cc-by-nc","(c) Francisco J. Muñoz Nolasco, some rights reserved (CC BY-NC), uploaded by Francisco J. Muñoz Nolasco","https://www.inaturalist.org/taxa/35023","LC"
"Enyalioides sp.","Enyalioides_sp_.jpg","Woodlizards and Dwarf Iguanas","cc-by-nc","(c) Felipe Barrera Ocampo, some rights reserved (CC BY-NC), uploaded by Felipe Barrera Ocampo","https://www.inaturalist.org/taxa/35018",NA
"Epicrates cenchria","Epicrates_cenchria.jpg","Western Rainbow Boa","cc-by","(c) dhfischer, some rights reserved (CC BY), uploaded by dhfischer","https://www.inaturalist.org/taxa/32237","LC"
"Galictis vittata","Galictis_vittata.jpg","Greater Grison","cc-by-nc","(c) arichards1863, some rights reserved (CC BY-NC)","https://www.inaturalist.org/taxa/41825","LC"
"Hadrosciurus igniventris","Hadrosciurus_igniventris.jpg","Northern Amazon Red Squirrel","cc-by-nc","(c) AXEL ANTOINE - FEILL S., some rights reserved (CC BY-NC), uploaded by AXEL ANTOINE - FEILL S.","https://www.inaturalist.org/taxa/45999",NA
"Hadrosciurus sp.",NA,NA,NA,NA,NA,NA
"Herpailurus yagouaroundi","Herpailurus_yagouaroundi.jpg","Jaguarundi","cc-by-nc","(c) Jorge Francisco Sosa Alejandre, some rights reserved (CC BY-NC), uploaded by Jorge Francisco Sosa Alejandre","https://www.inaturalist.org/taxa/197781","NT"
"Hydrochoerus hydrochaeris","Hydrochoerus_hydrochaeris.jpg","Capybara","cc-by-nc","(c) Carlos Sanchez, some rights reserved (CC BY-NC), uploaded by Carlos Sanchez","https://www.inaturalist.org/taxa/74442","LC"
"Hyloscirtus sp.","Hyloscirtus_sp_.jpg","Torrenteer Tree Frogs","cc-by-nc","(c) Felipe Campos, some rights reserved (CC BY-NC), uploaded by Felipe Campos","https://www.inaturalist.org/taxa/64783",NA
"Hyloscirtus torrenticola",NA,"El Pepino tree frog",NA,NA,"https://www.inaturalist.org/taxa/65671","VU"
"Hyloxalus bocagei","Hyloxalus_bocagei.jpg","Bocage's Rocket Frog","cc-by-nc","(c) Amaël Borzée, some rights reserved (CC BY-NC), uploaded by Amaël Borzée","https://www.inaturalist.org/taxa/65678","VU"
"Hyloxalus sp.","Hyloxalus_sp_.jpg",NA,"cc-by-nc","(c) STRI, some rights reserved (CC BY-NC)","https://www.inaturalist.org/taxa/64784",NA
"Hypodactylus nigrovittatus",NA,"Black-banded Robber Frog",NA,NA,"https://www.inaturalist.org/taxa/803871","LC"
"Hypsiboas geographicus","Hypsiboas_geographicus.jpg","Map Tree Frog","cc-by-nc","(c) fabiologopro, some rights reserved (CC BY-NC)","https://www.inaturalist.org/taxa/555107","LC"
"Hypsiboas punctatus","Hypsiboas_punctatus.jpg","Polka-dot Tree Frog","cc-by-nc","(c) Saifudeen Muhammad, some rights reserved (CC BY-NC), uploaded by Saifudeen Muhammad","https://www.inaturalist.org/taxa/555145","LC"
"Hypsiboas sp.","Hypsiboas_sp_.jpg","Gladiator Tree Frogs","cc-by-nc","(c) Felipe Barrera Ocampo, some rights reserved (CC BY-NC), uploaded by Felipe Barrera Ocampo","https://www.inaturalist.org/taxa/555034",NA
"Imantodes cenchoa","Imantodes_cenchoa.jpg","Common Blunt-headed Tree Snake","cc-by-nc","(c) Khristian Venegas Valencia, some rights reserved (CC BY-NC), uploaded by Khristian Venegas Valencia","https://www.inaturalist.org/taxa/29873","LC"
"Imantodes lentiferus","Imantodes_lentiferus.jpg","Amazon Basin Tree Snake","cc-by-nc","(c) David González, some rights reserved (CC BY-NC), uploaded by David González","https://www.inaturalist.org/taxa/29878","LC"
"Imantodes sp.","Imantodes_sp_.jpg","Blunt-headed Tree Snakes","cc-by-nc","(c) Eric, some rights reserved (CC BY-NC), uploaded by Eric","https://www.inaturalist.org/taxa/29872",NA
"Lachesis muta","Lachesis_muta.jpg","South American Bushmaster","cc-by-nc","(c) sachamau, some rights reserved (CC BY-NC)","https://www.inaturalist.org/taxa/73840","LC"
"Lagothrix lagothricha","Lagothrix_lagothricha.jpg","Common Woolly Monkey","cc-by-sa","(c) Thibaud Aronson, some rights reserved (CC BY-SA), uploaded by Thibaud Aronson","https://www.inaturalist.org/taxa/1369209","VU"
"Leontocebus nigricollis","Leontocebus_nigricollis.jpg","Black-mantled Tamarin","cc-by-nc","(c) guyincognito, some rights reserved (CC BY-NC), uploaded by guyincognito","https://www.inaturalist.org/taxa/43386","LC"
"Leopardus pardalis","Leopardus_pardalis.jpg","Ocelot","cc-by-nc","(c) kviall, some rights reserved (CC BY-NC)","https://www.inaturalist.org/taxa/41997","LC"
"Leopardus sp.","Leopardus_sp_.jpg","American Small Cats","cc-by-nc","(c) José G. Martínez-Fonseca, some rights reserved (CC BY-NC), uploaded by José G. Martínez-Fonseca","https://www.inaturalist.org/taxa/41986",NA
"Leopardus wiedii","Leopardus_wiedii.jpg","Margay","cc-by-nc","(c) José G. Martínez-Fonseca, some rights reserved (CC BY-NC), uploaded by José G. Martínez-Fonseca","https://www.inaturalist.org/taxa/41988","NT"
"Leptodactylus wagneri","Leptodactylus_wagneri.jpg","Dwarf Jungle Frog","cc-by-nc","(c) amphibiawebecuador, some rights reserved (CC BY-NC)","https://www.inaturalist.org/taxa/22952","LC"
"Leptodeira annulata","Leptodeira_annulata.jpg","Rhombic Cat-eyed Snake","cc-by-nc","(c) Oscar Suazo-Ortega, some rights reserved (CC BY-NC), uploaded by Oscar Suazo-Ortega","https://www.inaturalist.org/taxa/539880","LC"
"Lithodytes lineatus","Lithodytes_lineatus.jpg","Painted Antnest Frog","cc-by-nc","(c) Thomas Stromberg, some rights reserved (CC BY-NC)","https://www.inaturalist.org/taxa/135111","LC"
"Lontra longicaudis","Lontra_longicaudis.jpg","Central Neotropical River Otter","cc-by","(c) Dan Vickers, some rights reserved (CC BY), uploaded by Dan Vickers","https://www.inaturalist.org/taxa/41778","NT"
"Mazama americana","Mazama_americana.jpg","Northwestern Red Brocket","cc-by-nc","(c) liviarq, some rights reserved (CC BY-NC)","https://www.inaturalist.org/taxa/42176","DD"
"Mazama murelia","Mazama_murelia.jpg","Northern Brown Brocket","cc-by-sa","(c) ....Christopher Borges...., some rights reserved (CC BY-SA), uploaded by ....Christopher Borges....","https://www.inaturalist.org/taxa/1596104",NA
"Mazama sp,",NA,NA,NA,NA,NA,NA
"Mazama sp.","Mazama_sp_.jpg","Typical Brockets","cc-by-nc","(c) Ana Laura Campioto, some rights reserved (CC BY-NC), uploaded by Ana Laura Campioto","https://www.inaturalist.org/taxa/42172",NA
"Mazama zamora","Mazama_zamora.jpg","Northwestern Red Brocket","cc-by-nc","(c) liviarq, some rights reserved (CC BY-NC)","https://www.inaturalist.org/taxa/42176",NA
"Metachirus nudicaudatus","Metachirus_nudicaudatus.jpg","Guianan Brown Four-eyed Opossum","cc-by-nc","(c) Vincent Rufray, some rights reserved (CC BY-NC), uploaded by Vincent Rufray","https://www.inaturalist.org/taxa/42591","LC"
"Microsciurus flaviventer","Microsciurus_flaviventer.jpg","Amazon Dwarf Squirrel","cc-by-sa","(c) Thibaud Aronson, some rights reserved (CC BY-SA), uploaded by Thibaud Aronson","https://www.inaturalist.org/taxa/46100","LC"
"Microsciurus mimulus","Microsciurus_mimulus.jpg","Western Dwarf Squirrel","cc-by-nc","(c) Trevor Van Loon, some rights reserved (CC BY-NC), uploaded by Trevor Van Loon","https://www.inaturalist.org/taxa/46101","LC"
"Micrurus hemprichii",NA,"Hemprich's Coralsnake",NA,NA,"https://www.inaturalist.org/taxa/30560","LC"
"Micrurus lemniscatus","Micrurus_lemniscatus.jpg","Western Ribbon Coralsnake","cc-by-nc","(c) Wildlife Tours Peru, Christoph Meyer, some rights reserved (CC BY-NC), uploaded by Wildlife Tours Peru, Christoph Meyer","https://www.inaturalist.org/taxa/1557545","LC"
"Micrurus ornatissimus","Micrurus_ornatissimus.jpg","Ornate Coralsnake","cc-by-nc","(c) Felipe Barrera Ocampo, some rights reserved (CC BY-NC), uploaded by Felipe Barrera Ocampo","https://www.inaturalist.org/taxa/105870","LC"
"Micrurus sp.","Micrurus_sp_.jpg","Coralsnakes","cc-by-nc","(c) Tristan Clark, some rights reserved (CC BY-NC), uploaded by Tristan Clark","https://www.inaturalist.org/taxa/30493",NA
"Mustela africana","Mustela_africana.jpg","Amazon Weasel","cc-by","(c) Unknown author，保留部分权利（CC BY）","https://www.inaturalist.org/taxa/1264429","LC"
"Myoprocta pratti","Myoprocta_pratti.jpg","Green Acouchi","cc-by","(c) Fábio Olmos, some rights reserved (CC BY), uploaded by Fábio Olmos","https://www.inaturalist.org/taxa/74691","LC"
"Myrmecophaga tridactyla","Myrmecophaga_tridactyla.jpg","Giant Anteater","cc-by-nc","(c) Andy Jones, some rights reserved (CC BY-NC), uploaded by Andy Jones","https://www.inaturalist.org/taxa/47107","VU"
"Nasua nasua","Nasua_nasua.jpg","White-nosed Coati","cc-by-nc","(c) frannysopranny, some rights reserved (CC BY-NC), uploaded by frannysopranny","https://www.inaturalist.org/taxa/41673","LC"
"Ninia hudsoni",NA,"Hudson's Coffee Snake",NA,NA,"https://www.inaturalist.org/taxa/29290","LC"
"Nymphargus mariae","Nymphargus_mariae.jpg","Puyo Giant Glass Frog","cc-by-nc","(c) jorgebrito, some rights reserved (CC BY-NC), uploaded by jorgebrito","https://www.inaturalist.org/taxa/65189","LC"
"Nymphargus puyoensis","Nymphargus_puyoensis.jpg","Puyo Giant Glass Frog","cc-by-nc","(c) jorgebrito, some rights reserved (CC BY-NC), uploaded by jorgebrito","https://www.inaturalist.org/taxa/65189","LC"
"Oecomys bicolor","Oecomys_bicolor.jpg","bicolored arboreal rice rat","cc-by","(c) Diego Inclan, some rights reserved (CC BY), uploaded by Diego Inclan","https://www.inaturalist.org/taxa/44782","LC"
"Oreobates quixensis","Oreobates_quixensis.jpg","Common Big-headed Frog","cc-by-nc","(c) Pedro Ivo, some rights reserved (CC BY-NC), uploaded by Pedro Ivo","https://www.inaturalist.org/taxa/66291","LC"
"Osteocephalus fuscifacies",NA,"Tan-faced Spiny-backed Frog",NA,NA,"https://www.inaturalist.org/taxa/24175","LC"
"Osteocephalus mutabor","Osteocephalus_mutabor.jpg","Ecuadoran Spiny-backed Frog","cc-by-nc","(c) Santiago Ron, some rights reserved (CC BY-NC)","https://www.inaturalist.org/taxa/24181","LC"
"Osteocephalus planiceps","Osteocephalus_planiceps.jpg","Flat-headed Spiny-backed Frog","cc-by-nc","(c) amphibiawebecuador, some rights reserved (CC BY-NC)","https://www.inaturalist.org/taxa/24178","LC"
"Osteocephalus sp.","Osteocephalus_sp_.jpg","Broad-headed Tree Frogs","cc-by-nc","(c) Nick Volpe, some rights reserved (CC BY-NC), uploaded by Nick Volpe","https://www.inaturalist.org/taxa/24174",NA
"Oxyrhopus formosus","Oxyrhopus_formosus.jpg","Beautiful Calico Snake","cc-by-sa","(c) Diego Tirira, some rights reserved (CC BY-SA)","https://www.inaturalist.org/taxa/108119","LC"
"Oxyrhopus petolarius","Oxyrhopus_petolarius.jpg","Forest Flame Snake","cc-by-nc","(c) Leonardo M. Martínez-Campos, some rights reserved (CC BY-NC), uploaded by Leonardo M. Martínez-Campos","https://www.inaturalist.org/taxa/146320","LC"
"Panthera onca","Panthera_onca.jpg","Jaguar","cc-by-nc","(c) Greg Lasley, some rights reserved (CC BY-NC), uploaded by Greg Lasley","https://www.inaturalist.org/taxa/41970","NT"
"Pecari sp.","Pecari_sp_.jpg","Javelinas","cc-by-nc","(c) mickeydylan, some rights reserved (CC BY-NC)","https://www.inaturalist.org/taxa/42112",NA
"Pecari tajacu","Pecari_tajacu.jpg","Collared Peccary","cc-by-nc","(c) mickeydylan, some rights reserved (CC BY-NC)","https://www.inaturalist.org/taxa/42113","LC"
"Phyllomedusa sp.","Phyllomedusa_sp_.jpg","Monkey Frogs","cc-by-nc","(c) René Ruíz Díaz, some rights reserved (CC BY-NC), uploaded by René Ruíz Díaz","https://www.inaturalist.org/taxa/23714",NA
"Plica umbra","Plica_umbra.jpg","Blue-lipped Tree Lizard","cc-by-nc","(c) Reuber Brandão, some rights reserved (CC BY-NC), uploaded by Reuber Brandão","https://www.inaturalist.org/taxa/38958","LC"
"Potamites cochranae","Potamites_cochranae.jpg","Cochran's Neusticurus","cc-by-nc","(c) eliotmiller, some rights reserved (CC BY-NC), uploaded by eliotmiller","https://www.inaturalist.org/taxa/539732","LC"
"Potamites ecpleopus","Potamites_ecpleopus.jpg","Common Stream Lizard","cc-by-nc","(c) Marco Aurelio de Sena, some rights reserved (CC BY-NC), uploaded by Marco Aurelio de Sena","https://www.inaturalist.org/taxa/110215","LC"
"Potamites sp.","Potamites_sp_.jpg",NA,"cc-by-nc","(c) Marco Aurelio de Sena, some rights reserved (CC BY-NC), uploaded by Marco Aurelio de Sena","https://www.inaturalist.org/taxa/34882",NA
"Priodontes maximus","Priodontes_maximus.jpg","Giant Armadillo","cc-by-nc","(c) Luiz Alberto Santos, some rights reserved (CC BY-NC), uploaded by Luiz Alberto Santos","https://www.inaturalist.org/taxa/47085","VU"
"Pristimantis acuminatus",NA,"Green Rain Frog",NA,NA,"https://www.inaturalist.org/taxa/66535","LC"
"Pristimantis altamazonicus","Pristimantis_altamazonicus.jpg","Upper Amazon Rain Frog","cc-by-nc","(c) Kristiina Ovaska, some rights reserved (CC BY-NC), uploaded by Kristiina Ovaska","https://www.inaturalist.org/taxa/66544","LC"
"Pristimantis conspicillatus","Pristimantis_conspicillatus.jpg","Chirping Robber Frog","cc-by-nc","(c) Jeremiah Leach, some rights reserved (CC BY-NC), uploaded by Jeremiah Leach","https://www.inaturalist.org/taxa/66616","LC"
"Pristimantis croceoinguinis","Pristimantis_croceoinguinis.jpg","Santa Cecilia Robber Frog","cc-by-nc","(c) Mario Humberto Yánez-Muñoz, some rights reserved (CC BY-NC), uploaded by Mario Humberto Yánez-Muñoz","https://www.inaturalist.org/taxa/66626","LC"
"Pristimantis delius","Pristimantis_delius.jpg","Delius' Rainfrog","cc-by-nc","(c) kphuong7693, some rights reserved (CC BY-NC)","https://www.inaturalist.org/taxa/66640","LC"
"Pristimantis diadematus","Pristimantis_diadematus.jpg","Diadem Rain Frog","cc-by-sa","(c) Graham Wise, some rights reserved (CC BY-SA), uploaded by Graham Wise","https://www.inaturalist.org/taxa/66643","LC"
"Pristimantis enigmatis",NA,NA,NA,NA,NA,"NE"
"Pristimantis lanthanites","Pristimantis_lanthanites.jpg","Metallic Robber Frog","cc-by-nc","(c) Mauricio Ortega, some rights reserved (CC BY-NC), uploaded by Mauricio Ortega","https://www.inaturalist.org/taxa/66716","LC"
"Pristimantis malkini","Pristimantis_malkini.jpg","Malkin's Rain Frog","cc-by-nc","(c) Amaël Borzée, some rights reserved (CC BY-NC), uploaded by Amaël Borzée","https://www.inaturalist.org/taxa/66740","LC"
"Pristimantis mariae","Pristimantis_mariae.jpg",NA,"cc-by-nc","(c) Roger G. Barboza Castro, some rights reserved (CC BY-NC), uploaded by Roger G. Barboza Castro","https://www.inaturalist.org/taxa/134792",NA
"Pristimantis martiae",NA,"Marty's Rain Frog",NA,NA,"https://www.inaturalist.org/taxa/66744","LC"
"Pristimantis ockendeni","Pristimantis_ockendeni.jpg","Carabaya Rain Frog","cc-by-nc","(c) Pedro Ivo, some rights reserved (CC BY-NC), uploaded by Pedro Ivo","https://www.inaturalist.org/taxa/66774","LC"
"Pristimantis paululus",NA,"Amazon Slope Robber Frog",NA,NA,"https://www.inaturalist.org/taxa/66794","LC"
"Pristimantis rodymastax",NA,NA,NA,NA,NA,NA
"Pristimantis sp.","Pristimantis_sp_.jpg","Rain and Robber Frogs","cc-by-nc","(c) Khristian Venegas Valencia, some rights reserved (CC BY-NC), uploaded by Khristian Venegas Valencia","https://www.inaturalist.org/taxa/64811",NA
"Pristimantis variabilis",NA,"Variable Rain Frog",NA,NA,"https://www.inaturalist.org/taxa/66918","LC"
"Procyon cancrivorus","Procyon_cancrivorus.jpg","Crab-eating Raccoon","cc-by-nc","(c) Rodrigo M. Ferronato, some rights reserved (CC BY-NC), uploaded by Rodrigo M. Ferronato","https://www.inaturalist.org/taxa/41667","LC"
"Pteronura brasiliensis","Pteronura_brasiliensis.jpg","Giant Otter","cc-by-nc","(c) My World of Bird Photography, some rights reserved (CC BY-NC), uploaded by My World of Bird Photography","https://www.inaturalist.org/taxa/41845","NE"
"Puma concolor","Puma_concolor.jpg","Mountain Lion","cc-by-nc","(c) pfaucher, some rights reserved (CC BY-NC), uploaded by pfaucher","https://www.inaturalist.org/taxa/42007","LC"
"Ranitomeya midas",NA,NA,NA,NA,NA,NA
"Ranitomeya variabilis","Ranitomeya_variabilis.jpg","Variable Poison Frog","cc-by-nc","(c) Nick Volpe, some rights reserved (CC BY-NC), uploaded by Nick Volpe","https://www.inaturalist.org/taxa/67048","LC"
"Rhinella dapsilis","Rhinella_dapsilis.jpg","Sharp-nosed Toad","cc-by-nc","(c) Zane Libke, some rights reserved (CC BY-NC), uploaded by Zane Libke","https://www.inaturalist.org/taxa/67106","LC"
"Rhinella margaritifera","Rhinella_margaritifera.jpg","South American Common Toad","cc-by-nc","(c) oligaria, some rights reserved (CC BY-NC), uploaded by oligaria","https://www.inaturalist.org/taxa/67128","LC"
"Rhinella marina","Rhinella_marina.jpg","Cane Toad","cc-by-nc","(c) David Sinnott, some rights reserved (CC BY-NC), uploaded by David Sinnott","https://www.inaturalist.org/taxa/553515","LC"
"Rhinella sp.","Rhinella_sp_.jpg","Beaked Toads","cc-by","(c) Sam Fraser-Smith, some rights reserved (CC BY)","https://www.inaturalist.org/taxa/64819",NA
"Rhipidomys leucodactylus","Rhipidomys_leucodactylus.jpg","white-footed climbing mouse","cc-by-nc","(c) Damon Tighe, some rights reserved (CC BY-NC), uploaded by Damon Tighe","https://www.inaturalist.org/taxa/44342","LC"
"Rulyrana flavopunctata",NA,"Yellow-spotted Glassfrog",NA,NA,"https://www.inaturalist.org/taxa/21230","LC"
"Saimiri cassiquiarensis","Saimiri_cassiquiarensis.jpg","Ecuadorian Squirrel Monkey","cc-by-nc","(c) Phil Kahler, some rights reserved (CC BY-NC), uploaded by Phil Kahler","https://www.inaturalist.org/taxa/1641936","LC"
"Scinax ruber","Scinax_ruber.jpg","Red Snouted Tree Frog","cc-by-nc","(c) Tom Kirschey, some rights reserved (CC BY-NC), uploaded by Tom Kirschey","https://www.inaturalist.org/taxa/24322","LC"
"Scinax sp.","Scinax_sp_.jpg","Snouted Tree Frogs","cc-by-nc","(c) Pedro Ivo, some rights reserved (CC BY-NC), uploaded by Pedro Ivo","https://www.inaturalist.org/taxa/24278",NA
"Siphlophis cervinus","Siphlophis_cervinus.jpg","Panama Spotted Night Snake","cc-by-nc","(c) Juan Ma Contortrix, some rights reserved (CC BY-NC), uploaded by Juan Ma Contortrix","https://www.inaturalist.org/taxa/28655","LC"
"Siphlophis compressus","Siphlophis_compressus.jpg","Tropical Flat Snake","cc-by-nc","(c) MatiasG, algunos derechos reservados (CC BY-NC), subido por MatiasG","https://www.inaturalist.org/taxa/28656","LC"
"Speothos venaticus","Speothos_venaticus.jpg","Bush Dog","cc-by-nc","(c) Tim Ellis, some rights reserved (CC BY-NC)","https://www.inaturalist.org/taxa/42089","NT"
"Synophis bicolor","Synophis_bicolor.jpg","Two-colored Fishing Snake","cc-by-nc","(c) Mario Humberto Yánez-Muñoz, some rights reserved (CC BY-NC), uploaded by Mario Humberto Yánez-Muñoz","https://www.inaturalist.org/taxa/28549","EN"
"Taeniophallus brevirostris","Taeniophallus_brevirostris.jpg","Short-nosed Groundsnake","cc-by-nc","(c) John Sullivan, some rights reserved (CC BY-NC), uploaded by John Sullivan","https://www.inaturalist.org/taxa/28531","LC"
"Tamandua tetradactyla","Tamandua_tetradactyla.jpg","Southern Tamandua","cc-by-nc","(c) Instituto Últimos Refúgios, some rights reserved (CC BY-NC), uploaded by Instituto Últimos Refúgios","https://www.inaturalist.org/taxa/47104","LC"
"Tapirus terrestris","Tapirus_terrestris.jpg","South American Tapir","cc-by-nc","(c) Robin Gwen Agarwal, some rights reserved (CC BY-NC), uploaded by Robin Gwen Agarwal","https://www.inaturalist.org/taxa/43353","VU"
"Tayassu pecari","Tayassu_pecari.jpg","White-lipped Peccary","cc-by-nc","(c) Cameron Eckert, some rights reserved (CC BY-NC), uploaded by Cameron Eckert","https://www.inaturalist.org/taxa/42115","VU"
"Tayassu sp.","Tayassu_sp_.jpg","Central Peccaries","cc-by-nc","(c) Jen Sanford, some rights reserved (CC BY-NC), uploaded by Jen Sanford","https://www.inaturalist.org/taxa/42114",NA
"Teratohyla midas","Teratohyla_midas.jpg","Santa Cecilia Glass Frog","cc-by-sa","(c) Diego Tirira, some rights reserved (CC BY-SA)","https://www.inaturalist.org/taxa/21231","LC"
"Thecadactylus solimoensis","Thecadactylus_solimoensis.jpg","Southern Turniptail Gecko","cc-by-nc","(c) Andrés León-Reyes, some rights reserved (CC BY-NC), uploaded by Andrés León-Reyes","https://www.inaturalist.org/taxa/114031","LC"
"Tremarctos ornatus","Tremarctos_ornatus.jpg","Spectacled Bear","cc-by-nc","(c) osoandino, some rights reserved (CC BY-NC), uploaded by osoandino","https://www.inaturalist.org/taxa/41657","VU"
"Xenopholis scalaris","Xenopholis_scalaris.jpg","Wucherer's Ground Snake","cc-by-nc","(c) Laurent Barthe, some rights reserved (CC BY-NC), uploaded by Laurent Barthe","https://www.inaturalist.org/taxa/28021","LC"
"Xenoxybelis argenteus",NA,"Striped Sharpnose Snake",NA,NA,"https://www.inaturalist.org/taxa/1161348","LC"
