raw,accepted
Dasprocta fuliginosa,Dasyprocta fuliginosa
Dasyprocha fuliginosa,Dasyprocta fuliginosa
Dasyprocta fulginosa,Dasyprocta fuliginosa
Dasyprocta fulliginosa,Dasyprocta fuliginosa
Fuliginosa sp.,Dasyprocta fuliginosa
Dasypus novemsinctus,Dasypus novemcinctus
Dazypus novemcinctus,Dasypus novemcinctus
Caniculus paca,Cuniculus paca
Rodentia cuniculidae,Cuniculus paca
Atelocynus microtus,Atelocynus microtis
Dedilphis marsupialis,Didelphis marsupialis
Didelphis marupialis,Didelphis marsupialis
Dildelphimorphia sp.,Didelphis sp.
Hadroscirius sp.,Hadrosciurus sp.
Hadrosciurus igniventris/spadiceus,Hadrosciurus sp.
Homo erectus,Homo sapiens
Leopardus wiedli,Leopardus wiedii
Mamifero leopardus,Leopardus sp.
Mymecophaga tridactyla,Myrmecophaga tridactyla
Tridactyla tridactyla,Myrmecophaga tridactyla
Procyon cancrivorius,Procyon cancrivorus
Procyon cancrivous,Procyon cancrivorus
Osso lavador,Procyon cancrivorus
Priodantes maximus,Priodontes maximus
Puma yagouaroundi,Herpailurus yagouaroundi
Tamuandua tetradactyla,Tamandua tetradactyla
Tayassu pecaripecari,Tayassu pecari
Tayasu pecari,Tayassu pecari
Pecari pecari,Tayassu pecari
Venado sp.,Mazama sp.
Leontocebus nigricolis,Leontocebus nigricollis
Huevos sp.,
Botiglossa sp.,Bolitoglossa sp.
Chironus fucus,Chironius fuscus
Dispas sp.,Dipsas sp.
Drepanoides/clelia anomalus/clelia,Drepanoides anomalus
Eleodactylus nigrovitattus,Hypodactylus nigrovittatus
Hypodactylus migrovitos,Hypodactylus nigrovittatus
Hypodactylus migrovittatus,Hypodactylus nigrovittatus
Hypodactylus nigrovitattus,Hypodactylus nigrovittatus
Leptodactylus nigrovitattus,Hypodactylus nigrovittatus
Engystomops pertersii,Engystomops petersi
Engystomops pertesii,Engystomops petersi
Micruseus hemprichilis,Micrurus hemprichii
Micrurus ornatissinus,Micrurus ornatissimus
Leptodactylus wageneri,Leptodactylus wagneri
Leptodactylus annulata,Leptodeira annulata
Nymphargus puyosensis,Nymphargus puyoensis
Nymphargus lanthanites,Pristimantis lanthanites
Creobates lanthanites,Pristimantis lanthanites
P.lanthanites lanthanites,Pristimantis lanthanites
Prismantis lanthanites,Pristimantis lanthanites
Creobates quixensis,Oreobates quixensis
Otrocephalus amutador,Osteocephalus mutabor
Otrocephalus sp.,Osteocephalus sp.
Osteocephalus bifurca,Dendropsophus bifurcus
Dendropsophus bifurca,Dendropsophus bifurcus
Phylomedusa sp.,Phyllomedusa sp.
Primantis conspicillatus,Pristimantis conspicillatus
Prismantis conspicillatus,Pristimantis conspicillatus
Prismantis accuminatus,Pristimantis acuminatus
Pristimantis accuminatus,Pristimantis acuminatus
Prismantis croceoinguinis,Pristimantis croceoinguinis
Prismantis croceoinguis,Pristimantis croceoinguinis
Prismantis diadematus,Pristimantis diadematus
Prismantis enigmatis,Pristimantis enigmatis
Prismantis rodymastax,Pristimantis rodymastax
Prismantis sp.,Pristimantis sp.
Rhinella dapsilys,Rhinella dapsilis
Scinax rubber,Scinax ruber
Hyloxalus bucagei,Hyloxalus bocagei
Hyloxalus boccagei,Hyloxalus bocagei
Rhipidomys leucodacylus,Rhipidomys leucodactylus
