genus,family,order,class
Alouatta,Atelidae,Primates,Mamífero
Aotus,Aotidae,Primates,Mamífero
Ateles,Atelidae,Primates,Mamífero
Cebus,Cebidae,Primates,Mamífero
Lagothrix,Atelidae,Primates,Mamífero
Leontocebus,Callitrichidae,Primates,Mamífero
Saimiri,Cebidae,Primates,Mamífero
Homo,Hominidae,Primates,Mamífero
Atelocynus,Canidae,Carnivora,Mamífero
Speothos,Canidae,Carnivora,Mamífero
Eira,Mustelidae,Carnivora,Mamífero
Galictis,Mustelidae,Carnivora,Mamífero
Mustela,Mustelidae,Carnivora,Mamífero
Lontra,Mustelidae,Carnivora,Mamífero
Pteronura,Mustelidae,Carnivora,Mamífero
Nasua,Procyonidae,Carnivora,Mamífero
Procyon,Procyonidae,Carnivora,Mamífero
Herpailurus,Felidae,Carnivora,Mamífero
Leopardus,Felidae,Carnivora,Mamífero
Panthera,Felidae,Carnivora,Mamífero
Puma,Felidae,Carnivora,Mamífero
Tremarctos,Ursidae,Carnivora,Mamífero
Cabassous,Chlamyphoridae,Cingulata,Mamífero
Priodontes,Chlamyphoridae,Cingulata,Mamífero
Dasypus,Dasypodidae,Cingulata,Mamífero
Cuniculus,Cuniculidae,Rodentia,Mamífero
Dasyprocta,Dasyproctidae,Rodentia,Mamífero
Myoprocta,Dasyproctidae,Rodentia,Mamífero
Hydrochoerus,Caviidae,Rodentia,Mamífero
Hadrosciurus,Sciuridae,Rodentia,Mamífero
Microsciurus,Sciuridae,Rodentia,Mamífero
Oecomys,Cricetidae,Rodentia,Mamífero
Rhipidomys,Cricetidae,Rodentia,Mamífero
Chironectes,Didelphidae,Didelphimorphia,Mamífero
Didelphis,Didelphidae,Didelphimorphia,Mamífero
Metachirus,Didelphidae,Didelphimorphia,Mamífero
Mazama,Cervidae,Artiodactyla,Mamífero
Pecari,Tayassuidae,Artiodactyla,Mamífero
Tayassu,Tayassuidae,Artiodactyla,Mamífero
Tapirus,Tapiridae,Perissodactyla,Mamífero
Myrmecophaga,Myrmecophagidae,Pilosa,Mamífero
Tamandua,Myrmecophagidae,Pilosa,Mamífero
