"key","es","en"
"nav_map","Mapa","Map"
"nav_overview","Panorama","Overview"
"nav_species","Especie","Species"
"nav_cameras","Cámaras trampa","Camera traps"
"nav_primates","Primates","Primates"
"nav_herps","Herpetofauna","Herpetofauna"
"nav_tracks","Huellas","Tracks"
"nav_quality","Calidad de datos","Data quality"
"sub_overview","Todo el monitoreo de la reserva de un vistazo. Todo responde a los filtros de la izquierda.","All reserve monitoring at a glance. Everything responds to the filters on the left."
"sub_cameras","Fototrampeo: abundancia relativa, actividad diaria y uso de hábitats. Basado en eventos independientes (30 min).","Camera trapping: relative abundance, daily activity and habitat use. Based on independent events (30 min)."
"sub_primates","Transectos de primates: tasas de encuentro, tamaño de grupo y uso del estrato vertical.","Primate transects: encounter rates, group size and use of vertical strata."
"sub_herps","Transectos nocturnos de anfibios y reptiles.","Night transects of amphibians and reptiles."
"sub_tracks","Huellas encontradas en los senderos: distribución, estacionalidad y medidas para verificar identificaciones.","Tracks found along trails: distribution, seasonality and measurements to check identifications."
"sub_quality","Registros que el tablero no pudo interpretar. Corríjalos en el xlsx original (archivo, hoja y fila indicados) y pulse actualizar.","Records the dashboard could not interpret. Fix them in the original xlsx (file, sheet and row given) and press refresh."
"filters","Filtros","Filters"
"years","Años","Years"
"class","Clase","Class"
"family","Familia","Family"
"species","Especies","Species"
"months","Meses","Months"
"reset_filters","Restablecer filtros","Reset filters"
"layers","Capas","Layers"
"src_photo","Fototrampeo","Camera traps"
"src_monkey","Primates","Primates"
"src_herp","Herpetofauna","Herpetofauna"
"src_track","Huellas","Tracks"
"trails","Senderos","Trails"
"balises","Balizas","Markers"
"heatmap","Mapa de calor","Heatmap"
"time_anim","Animación temporal","Time animation"
"anim_enable","Activar línea de tiempo","Enable timeline"
"anim_cumulative","Acumulado","Cumulative"
"anim_month","Solo el mes","Month only"
"cameras","Cámaras","Cameras"
"cams_help_short","Ubique cada cámara trampa en el mapa para ver sus fotos.","Place each camera trap on the map to see its photos."
"place_cameras","Ubicar cámaras","Place cameras"
"camera_stations","Estaciones de cámara","Camera stations"
"cams_help","Pulse la mira de una cámara y luego haga clic en el mapa donde estaba instalada. La posición se guarda para todo el equipo. La papelera borra la posición.","Press a camera's crosshair, then click on the map where it was installed. The position is saved for the whole team. The bin deletes the position."
"confirm_delete","¿Borrar la posición guardada de esta cámara?","Delete this camera's saved position?"
"delete","Borrar","Delete"
"cancel","Cancelar","Cancel"
"click_to_place","Haga clic en el mapa para ubicar %s","Click on the map to place %s"
"cam_saved","Posición de %s guardada","Position of %s saved"
"cam_deleted","Posición de %s borrada","Position of %s deleted"
"save_failed","No se pudo guardar:","Could not save:"
"placed","Ubicada","Placed"
"unplaced","Sin ubicar","Not placed"
"records","registros","records"
"species_n","especies","species"
"photos","fotos","photos"
"events","eventos","events"
"location","Ubicación","Location"
"prec_gps","GPS de campo","field GPS"
"prec_balise","baliza","marker"
"prec_trail","aproximada (sendero)","approximate (trail)"
"prec_camp","aproximada (campamento)","approximate (camp)"
"prec_station","estación de cámara","camera station"
"prec_none","desconocida","unknown"
"syncing","Leyendo los archivos…","Reading files…"
"synced_ok","Datos actualizados","Data refreshed"
"last_sync","Última sincronización","Last sync"
"load_errors","Algunos archivos no se pudieron leer; se usa la última versión válida:","Some files could not be read; the last valid version is used:"
"kpi_records","Registros","Records"
"kpi_species","Especies","Species"
"kpi_events","Eventos de cámara","Camera events"
"t_sunburst","Composición taxonómica","Taxonomic composition"
"t_years","Registros por año","Records per year"
"t_top","Especies más registradas","Most recorded species"
"extrapolated","(extrapolado)","(extrapolated)"
"n_records","Número de registros","Number of records"
"chao_note","%s: %d observadas, ~%d estimadas (Chao1)","%s: %d observed, ~%d estimated (Chao1)"
"no_data","Sin datos para esta selección","No data for this selection"
"t_sp_map","Dónde","Where"
"t_sp_years","Registros por año","Records per year"
"t_clock","Actividad diaria (24 h)","Daily activity (24 h)"
"t_moon","Fase lunar","Moon phase"
"t_sp_where","Cámaras y senderos","Cameras and trails"
"expected","esperado","expected"
"source","Fuente","Source"
"place","Lugar","Place"
"t_rai","Índice de abundancia relativa: eventos por cámara","Relative abundance index: events per camera"
"t_overlap","Solapamiento de actividad diaria","Daily activity overlap"
"species_a","Especie A","Species A"
"species_b","Especie B","Species B"
"overlap","Solapamiento","Overlap"
"hour","Hora","Hour"
"density","Densidad","Density"
"too_few","Se necesitan al menos 5 eventos con hora por especie.","At least 5 timed events per species are needed."
"ov_n","n = %d / %d eventos","n = %d / %d events"
"ov_high","Actividad muy similar: las dos especies están activas a las mismas horas.","Very similar activity: both species are active at the same hours."
"ov_mid","Solapamiento moderado.","Moderate overlap."
"ov_low","Poca coincidencia horaria: posible segregación temporal.","Little temporal coincidence: possible temporal segregation."
"t_cam_moon","Actividad según la fase lunar (% de eventos)","Activity by moon phase (% of events)"
"t_cam_site","Preferencia de tipo de sitio","Site type preference"
"t_cam_age","Estructura de edad","Age structure"
"t_cam_temp","Temperatura y hora de captura","Temperature and capture time"
"t_cam_effort","Funcionamiento de las cámaras (fotos por mes)","Camera operation (photos per month)"
"t_pr_rate","Tasa de encuentro por año","Encounter rate per year"
"t_pr_trail","Registros por sendero","Records per trail"
"t_pr_group","Tamaño de grupo","Group size"
"t_pr_height","Altura sobre el suelo (m)","Height above ground (m)"
"t_pr_activity","Actividad al ser observados","Activity when observed"
"t_pr_dist","Distancia de detección","Detection distance"
"per_day","registros por día de muestreo","records per survey day"
"t_he_rate","Encuentros por transecto nocturno","Encounters per night transect"
"t_he_river","Composición por familia en el tiempo","Family composition over time"
"t_he_snakes","Serpientes: venenosas y no venenosas","Snakes: venomous and non-venomous"
"per_night","individuos por noche","individuals per night"
"venomous","Venenosas","Venomous"
"non_venomous","No venenosas","Non-venomous"
"cls_Anfibio","Anfibios","Amphibians"
"cls_Reptil","Reptiles","Reptiles"
"other","Otras","Other"
"t_tr_trail","Especies por sendero","Species by trail"
"t_tr_size","Largo × ancho de huellas","Track length × width"
"t_tr_season","Estacionalidad (registros por mes)","Seasonality (records per month)"
"to_verify","A verificar","To verify"
"length_cm","Largo (cm)","Length (cm)"
"width_cm","Ancho (cm)","Width (cm)"
"t_issues","Registros a revisar","Records to review"
"download_csv","CSV","CSV"
"file","Archivo","File"
"sheet","Hoja","Sheet"
"row","Fila","Row"
"field","Campo","Field"
"value","Valor","Value"
"issue","Problema","Issue"
"iss_species_unrecognized","Especie no reconocida","Unrecognized species"
"iss_genus_no_taxonomy","Género sin taxonomía","Genus without taxonomy"
"iss_date_invalid","Fecha inválida","Invalid date"
"iss_time_invalid","Hora inválida","Invalid time"
"iss_gps_unparsed","GPS no interpretable","Unreadable GPS"
"iss_trail_unrecognized","Sendero no reconocido","Unrecognized trail"
"iss_flagged_verify","Marcado 'A verifier'","Flagged 'A verifier'"
"iss_balise_unknown","Baliza desconocida","Unknown marker"
"iss_camera_unplaced","Cámara sin ubicar","Camera not placed"
"m01","Ene","Jan"
"m02","Feb","Feb"
"m03","Mar","Mar"
"m04","Abr","Apr"
"m05","May","May"
"m06","Jun","Jun"
"m07","Jul","Jul"
"m08","Ago","Aug"
"m09","Sep","Sep"
"m10","Oct","Oct"
"m11","Nov","Nov"
"m12","Dic","Dec"
"tip_lang","Idioma de la interfaz","Interface language"
"tip_refresh","Volver a leer los archivos compartidos. Úselo después de subir xlsx nuevos.","Re-read the shared files. Use it after uploading new xlsx files."
"tip_f_years","Limita todos los mapas y gráficos a este periodo.","Limits every map and chart to this period."
"tip_f_class","Mamíferos, anfibios o reptiles. Vacío = todas.","Mammals, amphibians or reptiles. Empty = all."
"tip_f_family","Familias taxonómicas. Las opciones dependen de la clase elegida.","Taxonomic families. Options depend on the chosen class."
"tip_f_species","Una o varias especies. Escriba para buscar.","One or several species. Type to search."
"tip_f_months","Meses del año (útil para comparar temporadas).","Months of the year (useful to compare seasons)."
"tip_f_reset","Quitar todos los filtros.","Remove all filters."
"tip_lyr_photo","Fotos de cámaras trampa, agrupadas por estación (el tamaño indica el número de fotos). Solo aparecen las cámaras ubicadas.","Camera-trap photos grouped by station (size = number of photos). Only placed cameras appear."
"tip_lyr_monkey","Observaciones directas de primates. GPS de campo si existe; si no, un punto aproximado en el sendero.","Direct primate observations. Field GPS when available; otherwise an approximate point on the trail."
"tip_lyr_herp","Anfibios y reptiles de los transectos nocturnos, ubicados de forma aproximada en su sendero.","Amphibians and reptiles from night transects, placed approximately on their trail."
"tip_lyr_track","Huellas (anillos huecos). En la baliza indicada o aproximadas en el sendero.","Tracks (hollow rings). At the recorded marker or approximate on the trail."
"tip_lyr_trails","Senderos de monitoreo, con los colores del mapa oficial de la reserva.","Monitoring trails, in the colours of the reserve's official map."
"tip_lyr_balises","Balizas con su código y altitud (del mapa PDF y de las medidas GPS).","Markers with code and altitude (from the PDF map and GPS measurements)."
"tip_lyr_heat","Muestra la densidad de registros en lugar de puntos individuales.","Shows record density instead of individual points."
"tip_anim_enable","Muestra una línea de tiempo. Pulse ▶ para ver los registros aparecer mes a mes.","Shows a timeline. Press ▶ to watch records appear month by month."
"tip_anim_mode","Acumulado: todo hasta la fecha. Solo el mes: únicamente el mes mostrado.","Cumulative: everything up to the date. Month only: just the month shown."
"tip_place_cameras","Abre el panel para ubicar o borrar la posición de cada cámara trampa.","Opens the panel to place or delete each camera trap's position."
"tip_close","Cerrar","Close"
"tip_cam_place","Ubicar: luego haga clic en el mapa.","Place: then click on the map."
"tip_cam_move","Mover: haga clic en la nueva posición en el mapa.","Move: click the new position on the map."
"tip_cam_delete","Borrar la posición guardada (pide confirmación).","Delete the saved position (asks for confirmation)."
"tip_kpi_records","Total de registros de las cuatro bases con los filtros actuales.","Total records across the four databases with current filters."
"tip_kpi_species","Especies identificadas hasta especie (sin 'sp.').","Species identified to species level (no 'sp.')."
"tip_kpi_events","Fotos de la misma especie y cámara separadas por más de 30 min cuentan como eventos distintos.","Photos of the same species and camera more than 30 min apart count as separate events."
"tip_accum","Rarefacción y extrapolación (iNEXT). Si la curva se aplana, el muestreo ya detectó casi todas las especies; línea discontinua = extrapolación.","Rarefaction and extrapolation (iNEXT). A flattening curve means sampling has detected almost all species; dashed line = extrapolation."
"tip_years","Número de registros por año y fuente. Refleja también el esfuerzo de muestreo.","Number of records per year and source. Also reflects sampling effort."
"tip_top","Las 15 especies con más registros, por fuente.","The 15 species with most records, by source."
"tip_sp_pick","Elija una especie (entre paréntesis: número de registros).","Pick a species (in brackets: number of records)."
"tip_clock","Registros por hora del día. Distingue especies diurnas, nocturnas y crepusculares.","Records per hour of day. Separates diurnal, nocturnal and crepuscular species."
"tip_moon","% de registros en cada fase lunar (calculada a partir de la fecha). La línea marca el reparto uniforme.","% of records in each moon phase (computed from the date). The line marks a uniform split."
"tip_rai","Eventos independientes por cámara (20 especies principales). Sin datos de días-trampa, compare cámaras con prudencia.","Independent events per camera (top 20 species). Without trap-day data, compare cameras with caution."
"tip_overlap","Densidad de actividad circular (paquete overlap). Δ va de 0 (sin coincidencia) a 1 (actividad idéntica). Útil para pares depredador–presa.","Circular activity density (overlap package). Δ ranges from 0 (no coincidence) to 1 (identical activity). Useful for predator–prey pairs."
"tip_cam_moon","Reparto de los eventos de cada especie según la fase lunar. Las especies que evitan la luna llena aparecen claras en 'Llena'.","Share of each species' events by moon phase. Species avoiding the full moon show pale under 'Full'."
"tip_cam_site","Proporción de eventos por tipo de sitio (saladero, estero, sendero…).","Share of events per site type (salt lick, stream, trail…)."
"tip_cam_age","Proporción de adultos, juveniles y crías fotografiados.","Share of adults, juveniles and young photographed."
"tip_cam_temp","Cada punto es un evento: temperatura registrada por la cámara según la hora.","Each dot is an event: temperature recorded by the camera by hour."
"tip_cam_effort","Meses con fotos por cámara. Los huecos muestran periodos sin cámara, clave para interpretar tendencias.","Months with photos per camera. Gaps show periods without a camera, key to interpreting trends."
"tip_pr_rate","Registros divididos por días de muestreo de cada año (6 especies principales).","Records divided by survey days each year (top 6 species)."
"tip_pr_trail","Senderos donde se observaron primates.","Trails where primates were seen."
"tip_pr_activity","Comportamiento registrado en el momento de la observación.","Behaviour recorded at the moment of observation."
"tip_pr_dist","Distancia observador–animal. Base para futuras estimaciones de densidad (distance sampling).","Observer–animal distance. Basis for future density estimates (distance sampling)."
"tip_he_river","Proporción anual de las 7 familias principales.","Yearly share of the 7 main families."
"tip_he_snakes","Interior: venenosas (Viperidae, Elapidae) o no. Exterior: especies.","Inner ring: venomous (Viperidae, Elapidae) or not. Outer ring: species."
"tip_tr_trail","Registros de huellas por sendero y especie.","Track records per trail and species."
"tip_tr_season","Registros por mes del año, todas las temporadas juntas.","Records per month of the year, all seasons combined."
"tip_download","Descargar la lista completa para corregir el xlsx.","Download the full list to fix the xlsx."
"photos_hidden","%s fotos sin cámara ubicada","%s photos without a placed camera"
"iss_value_out_of_range","Valor fuera de rango","Value out of range"
"t_accum","Especies observadas según el número de observaciones","Species observed by number of observations"
"base_sat","Satélite","Satellite"
"base_topo","Topográfico","Topographic"
"tip_basemap","Fondo del mapa: imagen satelital o mapa topográfico.","Basemap: satellite imagery or topographic map."
"color_by","Colorear por","Colour by"
"tip_color_by","Elige qué información representa el color de los puntos. La leyenda aparece abajo a la izquierda.","Choose what the colour of the points shows. The legend appears bottom left."
"cb_source","Fuente","Source"
"cb_species","Especie","Species"
"cb_class","Clase","Class"
"cb_family","Familia","Family"
"cb_trail","Sendero","Trail"
"cb_moon","Fase lunar","Moon phase"
"cb_hour","Momento del día","Time of day"
"cb_year","Año","Year"
"cb_date","Fecha","Date"
"cb_prec","Precisión de la ubicación","Location precision"
"no_trail","Sin sendero","No trail"
"p_night","Noche","Night"
"p_twilight","Amanecer / atardecer","Dawn / dusk"
"p_day","Día","Day"
"no_time","Sin hora","No time"
"t_podium","Podio de especies","Species podium"
"tip_podium","Las tres especies con más registros (identificadas hasta especie) con los filtros actuales.","The three species with most records (identified to species) under the current filters."
"tip_sp_map","Densidad de registros de la especie. Los registros sin GPS se ubican de forma aproximada en su sendero.","Record density of the species. Records without GPS are placed approximately on their trail."
"median","mediana","median"
"range","rango","range"
"individuals","individuos","individuals"
"he_rate_note","%s individuo(s) por noche de transecto","%s individual(s) per transect night"
"tip_he_rate","Individuos por noche de transecto (fecha + sendero): ranas para anfibios, lagartijas para reptiles.","Individuals per transect night (date + trail): frogs for amphibians, lizards for reptiles."
"tip_pr_group","Cada mono representa un individuo del grupo típico (mediana); la barra clara marca el grupo más grande observado.","Each monkey is one individual of the typical (median) group; the light bar marks the largest group seen."
"tip_pr_height","Violines de altura sobre el suelo por especie: muestra qué estrato del bosque usa cada una.","Height above ground violins per species: shows which forest layer each one uses."
"tip_tr_size","Cada huella es una medición, con el tipo de huella de la especie (almohadillas, pezuña hendida o tapir). Círculos rojos = «A verifier».","Each print is one measurement, drawn with the species track type (pads, cloven hoof or tapir). Red circles = «A verifier»."
"cls_Mamífero","Mamíferos","Mammals"
"moon_Nueva","Nueva","New"
"moon_Creciente","Creciente","Waxing crescent"
"moon_Cuarto creciente","Cuarto creciente","First quarter"
"moon_Gibosa creciente","Gibosa creciente","Waxing gibbous"
"moon_Llena","Llena","Full"
"moon_Gibosa menguante","Gibosa menguante","Waning gibbous"
"moon_Cuarto menguante","Cuarto menguante","Last quarter"
"moon_Menguante","Menguante","Waning crescent"
"site_Sendero de animales","Sendero de animales","Animal trail"
"site_Saladero","Saladero","Salt lick"
"site_Estero","Estero","Stream"
"site_Baño de lodo","Baño de lodo","Mud wallow"
"site_Lugar de paso","Lugar de paso","Crossing point"
"age_Adulto","Adulto","Adult"
"age_Juvenil","Juvenil","Juvenile"
"age_Cría","Cría","Young"
"age_Adulto + juvenil","Adulto + juvenil","Adult + juvenile"
"act_Comiendo","Comiendo","Feeding"
"act_Desplazándose","Desplazándose","Moving"
"act_Vocalizando","Vocalizando","Vocalizing"
"act_Descansando","Descansando","Resting"
"act_Jugando","Jugando","Playing"
"act_Huyendo","Huyendo","Fleeing"
"sub_Hoja","Hoja","Leaf"
"sub_Rama","Rama","Branch"
"sub_Suelo","Suelo","Ground"
"sub_Tronco","Tronco","Trunk"
"sub_Tallo","Tallo","Stem"
"sub_Raíz","Raíz","Root"
"sub_Bromelia","Bromelia","Bromeliad"
"sub_Helecho","Helecho","Fern"
"sub_Liana","Liana","Liana"
"sub_Agua","Agua","Water"
"sub_Piedra","Piedra","Rock"
"sub_Otro","Otro","Other"
"balise_names","Nombres de balizas","Marker names"
"tip_lyr_bal_names","Muestra el código de cada baliza sobre el mapa.","Shows each marker code on the map."
"kpi_threat","Especies amenazadas","Threatened species"
"tip_kpi_threat","Especies registradas clasificadas Vulnerable, En peligro o En peligro crítico por la UICN (vía GBIF).","Recorded species listed Vulnerable, Endangered or Critically Endangered by IUCN (via GBIF)."
"taxo_tree","Árbol","Tree"
"taxo_sunburst","Sectores","Sunburst"
"tip_sunburst","Árbol taxonómico (clase → orden → familia → género → especie; jerarquía de Linneo, no filogenia molecular). El tamaño del punto sigue el número de registros; el anillo de color marca el estatus UICN. Haga clic en una especie para filtrar.","Taxonomic tree (class → order → family → genus → species; Linnaean hierarchy, not a molecular phylogeny). Dot size follows records; a coloured ring marks IUCN status. Click a species to filter."
"t_discovery","Descubrimiento de especies","Species discovery"
"tip_discovery","Número acumulado de especies según la fecha de su primer registro. Las fotos marcan las últimas especies y las amenazadas.","Cumulative number of species by date of first record. Photos mark the latest and the threatened species."
"newcomers","Últimas llegadas","Latest newcomers"
"t_trail_sim","Similitud de fauna entre senderos","Fauna similarity between trails"
"tip_trail_sim","Índice de Jaccard de las listas de especies (0 = nada en común, 1 = idénticas). El dendrograma agrupa los senderos con fauna parecida. Solo senderos con 15+ registros; las cámaras no tienen sendero.","Jaccard index of species lists (0 = nothing shared, 1 = identical). The dendrogram groups trails with similar fauna. Trails with 15+ records only; cameras have no trail."
"shared","compartidas","shared"
"unique","propias","unique"
"t_elev","Perfil altitudinal del sendero","Trail elevation profile"
"tip_elev","Altitud de las balizas GPS a lo largo del sendero. La foto indica la especie con más huellas en cada baliza.","Altitude of GPS markers along the trail. The photo shows the species with most tracks at each marker."
"elev_note","Solo los senderos con altitud en el archivo de balizas (PNS, Payamino, Palms). Añada la altitud de más balizas en el xlsx para ver otros senderos.","Only trails with altitude in the marker file (PNS, Payamino, Palms). Add altitude for more markers in the xlsx to see other trails."
"t_weather","Condiciones meteorológicas","Weather conditions"
"tip_weather","Cielo, temperatura y humedad de los registros de la especie. ×1.8 = registrada 1,8 veces más a menudo con ese cielo que el conjunto de muestreos (corrige el esfuerzo). Termómetro: banda gris = rango de todos los muestreos; banda de color = 50 % central de la especie.","Sky, temperature and humidity of the species records. ×1.8 = recorded 1.8 times more often under that sky than all surveys (corrects for effort). Thermometer: grey band = range of all surveys; coloured band = central 50 % of the species."
"no_weather","Sin datos meteorológicos para esta especie.","No weather data for this species."
"all_surveys","todos los muestreos","all surveys"
"iqr","50 % central:","central 50 %:"
"wx_note","%d registros con datos meteorológicos","%d records with weather data"
"wx_era5"," · %.0f %% estimados (reanálisis ERA5, malla ~25 km)"," · %.0f %% estimated (ERA5 reanalysis, ~25 km grid)"
"sky_Despejado","Despejado","Clear"
"sky_Parcial","Parcial","Partly cloudy"
"sky_Nublado","Nublado","Cloudy"
"sky_Lluvia","Lluvia","Rain"
"sky_Niebla","Niebla","Fog"
"no_sky","Sin dato de cielo","No sky data"
"humidity","Humedad %","Humidity %"
"t_site","Tipos de sitio y cámaras","Site types and cameras"
"tip_site","Cada círculo punteado es un tipo de sitio; dentro, cada burbuja es una cámara, con área proporcional a las fotos de la especie.","Each dotted circle is a site type; inside, each bubble is a camera, its area proportional to the species photos."
"effort_warning","Estos conteos no están corregidos por el esfuerzo de muestreo (no hay fechas de instalación de las cámaras): compare cámaras y años con prudencia.","These counts are not corrected for sampling effort (no camera deployment dates): compare cameras and years with care."
"t_ov_matrix","Matriz de solapamiento de actividad","Activity overlap matrix"
"tip_ov_matrix","Δ de solapamiento de la actividad diaria entre las 10 especies más fotografiadas (azul = horarios distintos, rojo = mismos horarios). Haga clic en una celda para ver el detalle abajo.","Δ daily activity overlap between the 10 most photographed species (blue = different hours, red = same hours). Click a cell for the detail below."
"click_pair","clic: ver el detalle","click: see the detail"
"by_species","por especie","by species"
"tip_by_species","Separa las barras por especie.","Splits the bars by species."
"mod_binomial","especie","species"
"mod_family","familia","family"
"mod_order","orden","order"
"t_he_substrate","Sustrato por","Substrate by"
"tip_he_substrate","Cada círculo punteado es un sustrato; dentro, cada burbuja es un grupo con área proporcional a las observaciones. Clic en un sustrato para verlo solo; clic en una burbuja para aislar ese grupo.","Each dotted circle is a substrate; inside, each bubble is a group with area proportional to observations. Click a substrate to show it alone; click a bubble to isolate that group."
"t_he_height","Altura de percha (cm) por","Perch height (cm) by"
"tip_he_height","Violines ordenados de mayor a menor mediana. Clic en un violín para aislar ese grupo.","Violins ranked by decreasing median. Click a violin to isolate that group."
"t_he_size","Tamaño corporal LT (cm) por","Body size LT (cm) by"
"tip_he_size","Violines ordenados por mediana. La silueta de fondo mide exactamente la longitud mediana del grupo. Clic para aislar un grupo.","Violins ranked by median. The background silhouette is exactly the group median length. Click to isolate a group."
"show_all","Mostrar todo","Show all"
"t_he_sex","Proporción de sexos","Sex ratio"
"tip_he_sex","Machos a la izquierda, hembras a la derecha, por especie.","Males on the left, females on the right, per species."
"he_sex_note","Los machos que cantan se detectan más fácilmente: la proporción refleja la detectabilidad, no la población real.","Calling males are easier to detect: the ratio reflects detectability, not the true population."
"males","Machos","Males"
"females","Hembras","Females"
"t_he_recruit","Temporada reproductiva","Reproductive season"
"tip_he_recruit","Proporción de juveniles entre los individuos con edad registrada, por mes: revela la temporada de reproducción y emergencia.","Share of juveniles among aged individuals, by month: reveals the breeding and emergence season."
"recruit_note","Tamaño del renacuajo = %% de juveniles del mes. Además, %d registro(s) de huevos / neonatos (código H).","Tadpole size = %% of juveniles that month. Also %d egg / hatchling record(s) (code H)."
"t_he_wx","Herpetofauna y clima nocturno","Herpetofauna and night weather"
"tip_he_wx","Cada icono es una noche de transecto: temperatura media × individuos encontrados; icono y color = cielo, tamaño = humedad. Abajo, la asociación de cada factor con los individuos por noche (Spearman / Kruskal-Wallis; subrayado = el más significativo). Asociación, no causalidad.","Each icon is a transect night: mean temperature × individuals found; icon and colour = sky, size = humidity. Below, how each factor relates to individuals per night (Spearman / Kruskal-Wallis; underlined = most significant). Association, not causation."
"per_night_by_sky","Individuos por noche según el cielo","Individuals per night by sky"
"nights","noches","nights"
"threatened_only","Solo amenazadas","Threatened only"
"tip_f_threat","Muestra solo las especies Vulnerables, En peligro o En peligro crítico (UICN).","Shows only Vulnerable, Endangered or Critically Endangered species (IUCN)."
"iucn_LC","Preocupación menor","Least Concern"
"iucn_NT","Casi amenazada","Near Threatened"
"iucn_VU","Vulnerable","Vulnerable"
"iucn_EN","En peligro","Endangered"
"iucn_CR","En peligro crítico","Critically Endangered"
"iucn_DD","Datos insuficientes","Data Deficient"
"iucn_NE","No evaluada","Not Evaluated"
"age_Neonato","Neonato / huevo","Hatchling / egg"
"names_latin","Latín","Latin"
"names_common","Común","Common"
"tip_names","Nombres de especies: científico (latín) o común","Species names: scientific (Latin) or common"
"search_species","Buscar especie…","Search species…"
"temperature","Temperatura","Temperature"
"humidity_short","Humedad","Humidity"
"sky","Cielo","Sky"
"centroid","centroide","centroid"
"wx_tests","Individuos por noche ~","Individuals per night ~"
"size_hum","Tamaño = humedad (%.0f–%.0f %%)","Size = humidity (%.0f–%.0f %%)"
"tip_pdf","Descargar esta página en PDF (gráficos o mapa con la configuración actual).","Download this page as PDF (charts or map with the current settings)."
